Brand,Current_Price,Discount,Original_Price,Product_Name
Burberry,257.6,30%,368.0,BE1386
Oakley,255.0,,,Base Plane
Ray-Ban,263.0,,,RB8766
Ray-Ban,188.0,,,RB5393
Kate Spade,255.0,,,Diandra
Ray-Ban,95.5,50%,191.0,RB5242
Gucci,488.75,15%,575.0,GG1290O
Guess,104.0,50%,208.0,GU2754
Ray-Ban,189.0,,,RB3751V
Versace,450.0,,,VE1305
Burberry,160.5,50%,321.0,BE1362 - Alma
Gucci,501.5,15%,590.0,GG1302O
Gucci,413.0,30%,590.0,GG0399O
Gucci,501.5,15%,590.0,GG1303O
Kate Spade,143.5,30%,205.0,Darcie
Kate Spade,250.0,,,Flavia
Oakley,187.0,,,Crosslink Zero
Persol,185.0,50%,370.0,PO3292V
Kate Spade,245.0,,,Ophelia/F
Gucci,446.25,15%,525.0,GG1509O
Ray-Ban,189.0,,,RB3732V
Guess,97.5,50%,195.0,GU2725
Dolce & Gabbana,176.0,50%,352.0,DG1338
Guess,113.5,50%,227.0,GU2880
Ray-Ban,176.0,,,RB7239
Kate Spade,245.0,,,Claudie/G
Kate Spade,161.0,30%,230.0,Payton
Kate Spade,245.0,,,Charlee
Dolce & Gabbana,335.0,,,DG3308
Burberry,137.5,50%,275.0,BE1343
Kate Spade,171.5,30%,245.0,Laurianne
Burberry,265.0,,,BE2201
Persol,200.2,30%,286.0,PO3296V
Burberry,296.0,,,BE2334 Elm
Oakley,270.9,30%,387.0,Deadbolt - Ahyris Collection
Oakley,242.0,,,Fuller
Gucci,425.0,15%,500.0,GG0718O
Kate Spade,240.0,,,Taya
Dolce & Gabbana,210.0,30%,300.0,DG3337
Ray-Ban,479.0,,,RB8247V
Ray-Ban,124.6,30%,178.0,RB7218 Kristin Optics Bio-Based
Versace,128.0,50%,256.0,VE3317F
Burberry,169.0,50%,338.0,BE2374
Burberry,154.5,50%,309.0,BE2365
Dolce & Gabbana,364.0,,,DG3398
Dolce & Gabbana,335.0,,,DG1360
Oakley,227.0,,,Hip Tone
Burberry,327.0,,,BE1348
Burberry,390.0,,,BE2423D
Persol,348.0,,,PO3339V
Ray-Ban,186.0,,,RB5446F
Ray-Ban,249.0,,,RB8783D
Dolce & Gabbana,158.0,50%,316.0,DG1348
Gucci,476.0,15%,560.0,GG0396O
Versace,376.0,,,VE1269
Kate Spade,245.0,,,TEMPERANCE
Kate Spade,245.0,,,Rainey
Dolce & Gabbana,393.0,,,DG3375B
Dolce & Gabbana,335.0,,,DG1359
Dolce & Gabbana,287.7,30%,411.0,DG5107
Dolce & Gabbana,259.7,30%,371.0,DG3359
Persol,393.0,,,PO3362V
Dolce & Gabbana,422.0,,,DG3405
Gucci,395.25,15%,465.0,GG1012O
Oakley,242.0,,,Plazlink
Ray-Ban,222.0,,,RB5586
Guess,96.0,50%,192.0,GU2935
Ray-Ban,222.0,,,RB3875V
Ray-Ban,210.0,,,RB5417 Optics
Ray-Ban,237.0,,,RB7255
Burberry,309.0,,,BE1352D
Kate Spade,240.0,,,Serenity/G
Kate Spade,240.0,,,Cailye
Burberry,390.0,,,BE1389
Oakley,227.0,,,Addams 0.5
Persol,333.0,,,PO3143V
Ray-Ban,276.0,,,RB8780D
Burberry,154.5,50%,309.0,BE1380
Gucci,416.5,15%,490.0,GG0566ON
Versace,298.0,,,VE3326U
Versace,263.2,30%,376.0,VE3346
Burberry,236.6,30%,338.0,BE1382D
Ray-Ban,147.0,30%,210.0,RB7215F
Versace,177.0,50%,354.0,VE3359
Guess,104.0,50%,208.0,GU2583
Oakley Youth,123.0,,,Top Level
Oakley,276.0,,,Bottle Rocket 4.0
Oakley,227.0,,,Cathode
Oakley,176.0,,,Admission (Low Bridge Fit)
Burberry,137.5,50%,275.0,BE2311
Gucci,259.25,15%,305.0,GG1580O
Dolce & Gabbana,144.0,50%,288.0,DG5102
Dolce & Gabbana,144.0,50%,288.0,DG3364F
Ray-Ban Junior,98.0,,,RY1598
Ray-Ban,222.0,,,RB5286
Versace,286.0,,,VE1275
Persol,342.0,,,PO3353V
Burberry,224.7,30%,321.0,BE1354 Martha
Gucci,314.5,15%,370.0,GG1729O
Oakley,172.0,,,Trillbe X
Versace,406.0,,,VE3354F
Oakley,242.0,,,BMNG
Dolce & Gabbana,259.7,30%,371.0,DG3379
Ray-Ban,226.0,50%,452.0,RB8265V
Kate Spade,245.0,,,Ninna/G
Gucci,200.0,50%,400.0,GG1212O
Oakley,318.0,,,Wingback Sq
Gucci,488.75,15%,575.0,GG1193O
Kate Spade,240.0,,,Luella
Guess,110.5,50%,221.0,GU2912
Versace,316.0,,,VE1304
Guess,113.5,50%,227.0,GU2874
Persol,171.0,50%,342.0,PO3189V
Burberry,327.0,,,BE2347 - Evelyn
Ray-Ban,210.0,,,RB5429
Oakley,255.0,,,Enigma Mass
Gucci,327.25,15%,385.0,GG1597O
Persol,348.0,,,PO3218V
Burberry,139.5,50%,279.0,BE2379U-Charlie
Versace,163.0,50%,326.0,VE3335
Guess,101.5,50%,203.0,GU50088-D
Burberry,146.5,50%,293.0,BE2332
Ray-Ban,176.0,,,RB7177
Persol,143.0,50%,286.0,PO3278V
Versace,300.0,,,VE1285
Ray-Ban,176.0,,,RB4378V
Dolce & Gabbana,306.0,,,DG3352
Burberry,390.0,,,BE2426D
Ray-Ban,316.4,30%,452.0,RB8148V - Hexagonal Titanium
Dolce & Gabbana,182.7,30%,261.0,DG5083
Ray-Ban,222.0,,,RB7216 - New Clubmaster Optics
Ray-Ban,290.0,,,RB7144M
Oakley,227.0,,,Activate
Ray-Ban,237.0,,,RB7232M - Scuderia Ferrari Collection
Persol,164.0,50%,328.0,PO3298V
Ray-Ban Junior,122.0,,,RY1549
Ray-Ban Junior,87.0,,,RY9095V - Thalia
Gucci,488.75,15%,575.0,GG1414O
Guess,104.0,50%,208.0,GU2940
Ray-Ban,189.0,,,RB5441
Kate Spade,245.0,,,Verna
Gucci,423.5,30%,605.0,GG1208O
Oakley,187.0,,,Holbrook RX
Oakley Youth,135.0,,,Airdrop XS
Kate Spade,250.0,,,Addisyn
Oakley,276.0,,,Currency
Gucci,425.0,15%,500.0,GG1272O
Ray-Ban,125.3,30%,179.0,RB3958V
Kate Spade,240.0,,,ROSALIND/G
Burberry,154.5,50%,309.0,BE1366
Burberry,154.5,50%,309.0,BE2368F
Gucci,327.25,15%,385.0,GG0004ON
Ray-Ban,210.0,,,RB3857V Frank
Kate Spade,175.0,,,RAYA
Oakley,242.0,,,Exchange
Dolce & Gabbana,377.0,,,DG3334
Versace,141.5,50%,283.0,VE3313
Dolce & Gabbana,171.5,50%,343.0,DG5105U
Oakley Youth,123.0,,,Round Off
Versace,316.0,,,VE3374U
Gucci,365.5,15%,430.0,GG1682O
Gucci,437.75,15%,515.0,GG1669O
Gucci,416.5,15%,490.0,GG1265O
Ray-Ban,198.0,,,RB5421F
Ray-Ban,222.0,,,RB5285
Oakley Youth,123.0,,,Cartwheel
Versace,286.0,,,VE3375
Kate Spade,205.0,,,Chantelle
Ray-Ban,210.0,,,RB2241V
Kate Spade,225.0,,,GAIA
Ray-Ban,210.0,,,RB6335
Ray-Ban,147.0,30%,210.0,RB7214F
Kate Spade,245.0,,,Adrie
Ray-Ban,94.0,50%,188.0,RB3957V - Julie
Burberry,216.3,30%,309.0,BE2386F
Guess,119.0,50%,238.0,GU2879
Ray-Ban,118.5,50%,237.0,RB7231M - Scuderia Ferrari Collection
Ray-Ban,222.0,,,RB3636V - New Caravan Optics
Burberry,327.0,,,BE2352F
Gucci,416.5,15%,490.0,GG1586O
Ray-Ban,222.0,,,RB3625V - New Aviator Optics
Ray-Ban,222.0,,,RB5375
Gucci,395.25,15%,465.0,GG0343O
Versace,155.0,50%,310.0,VE3288
Oakley,255.0,,,Pitchman (Low Bridge Fit)
Gucci,378.25,15%,445.0,GG1445O
Dolce & Gabbana,306.0,,,DG3363
Ray-Ban,222.0,,,RB0840V
Gucci,425.0,15%,500.0,GG0184O
Versace,300.0,,,VE3363U
Dolce & Gabbana,259.7,30%,371.0,DG3376B
Gucci,395.25,15%,465.0,GG0278O
Burberry,327.0,,,BE2416F
Burberry,327.0,,,BE1355
Dolce & Gabbana,137.0,50%,274.0,DG5071
Burberry,327.0,,,BE2417
Oakley,168.7,30%,241.0,Pitchman R
Ray-Ban,155.4,30%,222.0,RB7229
Dolce & Gabbana,364.0,,,DG3383
Ray-Ban,198.0,,,RB6472
Gucci,425.0,15%,500.0,GG1044O
Persol,393.0,,,PO3334V
Kate Spade,161.0,30%,230.0,Lucyann
Oakley,242.0,,,Marshal MNP (TruBridge)
Burberry,154.5,50%,309.0,BE1370D
Burberry,137.5,50%,275.0,BE1337
Kate Spade,240.0,,,Tianna
Guess,113.5,50%,227.0,GU50055-D
Ray-Ban,210.0,,,RB5397 - Elliot Optics
Ray-Ban Junior,122.0,,,RY1535
Gucci,314.5,15%,370.0,GG0093O
Guess,115.0,50%,230.0,GU5222
Kate Spade,245.0,,,Jabria
Versace,346.0,,,VE3340U
Burberry,338.1,30%,483.0,BE2408U
Burberry,139.5,50%,279.0,BE2389
Ray-Ban,87.0,,,RB1644
Versace,376.0,,,VE3347
Ray-Ban,189.0,,,RB2210V
Ray-Ban,186.0,,,RB5446
Persol,422.0,,,PO9714VM - Folding
Kate Spade,175.0,,,Massy
Dolce & Gabbana,364.0,,,DG3399
Guess,104.0,50%,208.0,GU50018
Dolce & Gabbana,240.1,30%,343.0,DG3378
Burberry,228.9,30%,327.0,BE2384
Ray-Ban,210.0,,,RB5397F - Elliot Optics Alternate Fit
Oakley Youth,58.0,50%,116.0,Drop Kick
Kate Spade,195.0,,,Anaya
Gucci,314.5,15%,370.0,GG1536O
Gucci,416.5,15%,490.0,GG1526O
Burberry,421.0,,,BE2421
Versace,316.0,,,VE1233Q
Gucci,416.5,15%,490.0,GG1186O
Burberry,154.5,50%,309.0,BE2386
Gucci,425.0,15%,500.0,GG0738O
Kate Spade,240.0,,,LUELLA/F
Ray-Ban Junior,93.8,30%,134.0,RY1570
Kate Spade,168.0,30%,240.0,NATALY
Burberry,154.5,50%,309.0,BE1369TD
Versace,200.2,30%,286.0,VE3355U
Kate Spade,240.0,,,KATTALIN/F
Gucci,245.0,50%,490.0,GG1183O
Kate Spade,240.0,,,Crishell
Versace,122.5,50%,245.0,VE3220
Guess,154.0,50%,308.0,GM0243
Versace,286.0,,,VE3303
Versace,155.0,50%,310.0,VE3292
Burberry,169.0,50%,338.0,BE2377-Bailey
Kate Spade,245.0,,,HAZEN/F
Gucci,365.5,15%,430.0,GG1428O
Versace,152.0,50%,304.0,VE1255B
Burberry,390.0,,,BE1394
Burberry,137.5,50%,275.0,BE2323
Ray-Ban,210.0,,,RB5398
Ray-Ban,210.0,,,RB6428
Ray-Ban,237.0,,,RB3716VM Clubmaster Metal
Oakley,187.0,,,Plungeline
Gucci,403.75,15%,475.0,GG0799O
Versace,149.0,50%,298.0,VE1288
Gucci,289.0,15%,340.0,GG1573O
Ray-Ban,189.0,,,RB6375
Persol,295.4,30%,422.0,PO3340V
Ray-Ban,235.0,,,RB7199
Persol,185.0,50%,370.0,PO3331V
Gucci,514.25,15%,605.0,GG1530O
Persol,342.0,,,PO2460V
Ray-Ban,274.0,,,RB6594M - Scuderia Ferrari Collection
Gucci,352.75,15%,415.0,GG1334O
Kate Spade,245.0,,,Cardea
Ray-Ban Junior,60.9,30%,87.0,RY1612
Dolce & Gabbana,163.0,50%,326.0,DG1333
Ray-Ban,222.0,,,RB5383
Gucci,365.5,15%,430.0,GG1258O
Versace,247.8,30%,354.0,VE3339U
Ray-Ban,178.0,,,RB5406F
Gucci,476.0,15%,560.0,GG0833O
Kate Spade,240.0,,,Arabel
Oakley,297.0,,,Slender
Ray-Ban,138.6,30%,198.0,RB6497 Optics
Ray-Ban,189.0,,,RB3734V
Gucci,365.5,15%,430.0,GG1003O
Gucci,314.5,15%,370.0,GG0121O
Kate Spade,225.0,,,MADRIGAL/G
Versace,376.0,,,VE3368U
Guess,104.0,50%,208.0,GU50063
Versace,300.0,,,VE3364U
Ray-Ban,89.5,50%,179.0,RB6343
Ray-Ban,89.0,50%,178.0,RB7244
Ray-Ban,222.0,,,RB5154 Clubmaster
Ray-Ban,261.0,,,RB5419
Kate Spade,205.0,,,ESTI
Ray-Ban Junior,46.5,50%,93.0,RY9707V
Ray-Ban,189.0,,,RB5435F
Ray-Ban,210.0,,,RB3447V Round Metal
Ray-Ban,325.0,,,RB7681V
Ray-Ban,99.0,50%,198.0,RB6498
Gucci,290.5,30%,415.0,GG1176O
Burberry,327.0,,,BE2387
Dolce & Gabbana,163.0,50%,326.0,DG3325
Dolce & Gabbana,240.1,30%,343.0,DG3381
Ray-Ban,162.0,,,RB7190
Dolce & Gabbana,171.5,50%,343.0,DG1341B
Guess,104.0,50%,208.0,GU2942
Dolce & Gabbana,306.0,,,DG5025
Versace,135.0,50%,270.0,VE3255
Versace,139.0,50%,278.0,VE3282
Ray-Ban,176.0,,,RB7238
Versace,177.0,50%,354.0,VE3337
Ray-Ban,138.6,30%,198.0,RB6465F Jack - Alternate Fit
Oakley,96.5,50%,193.0,Steel Line S
Oakley,208.0,,,Extender
Kate Spade,175.0,30%,250.0,Reilly/G
Persol,185.0,50%,370.0,PO3309V
Kate Spade,168.0,30%,240.0,Natalia
Kate Spade,240.0,,,ZELDA
Oakley,196.0,30%,280.0,Sunder
Ray-Ban,210.0,,,RB3746V
Guess,96.0,50%,192.0,GU50082
Ray-Ban Junior,87.0,,,RY9097V Elliot Optics Kids
Ray-Ban,222.0,,,RB3717V
Ray-Ban,127.4,30%,182.0,RB6348D
Ray-Ban,88.0,50%,176.0,RB7327
Ray-Ban,210.0,,,RB6489
Burberry,327.0,,,BE2415
Ray-Ban,155.5,50%,311.0,RB8772D
Ray-Ban,210.0,,,RB2241VF
Dolce & Gabbana,254.8,30%,364.0,DG3360
Gucci,425.0,15%,500.0,GG0013O
Ray-Ban,189.0,,,RB5406
Versace,135.0,50%,270.0,VE1281
Versace,316.0,,,VE3373U
Oakley,242.0,,,Coupler
Ray-Ban,210.0,,,RB6363
Burberry,146.5,50%,293.0,BE1360 - York
Ray-Ban,249.0,,,RB6518
Oakley,242.0,,,NXTLVL
Ray-Ban,222.0,,,RB5228
Gucci,425.0,15%,500.0,GG0737O
Gucci,327.25,15%,385.0,GG1138O
Ray-Ban,237.0,,,RB5362
Gucci,514.25,15%,605.0,GG1204O
Versace,406.0,,,VE3354
Kate Spade,171.5,30%,245.0,Conceta/FJ
Dolce & Gabbana,288.0,,,DG5101
Kate Spade,245.0,,,Paityn/G
Gucci,416.5,15%,490.0,GG1448O
Gucci,259.25,15%,305.0,GG1340O
Ray-Ban Junior,134.0,,,RY1053
Ray-Ban,176.0,,,RB5387
Kate Spade,225.0,,,Cinzia
Guess,117.5,50%,235.0,GU2658
Oakley,318.0,,,Limit Switch 0.5
Oakley,242.0,,,Dehaven (Low Bridge Fit)
Ray-Ban,138.6,30%,198.0,RB6497
Gucci,395.25,15%,465.0,GG0752O
Oakley,297.0,,,Pitchman R Carbon
Burberry,160.5,50%,321.0,BE1361 - Charley
Ray-Ban,189.0,,,RB5435
Gucci,352.75,15%,415.0,GG1589O
Ray-Ban Junior,98.0,,,RY1586
Persol,157.0,50%,314.0,PO1935V
Gucci,391.0,15%,460.0,GG0011O
Versace,406.0,,,VE1306
Ray-Ban,220.0,,,RB5296D
Burberry,160.0,50%,320.0,BE2232
Versace,155.0,50%,310.0,VE1284
Persol,333.0,,,PO3007V
Gucci,259.0,30%,370.0,GG1035O
Ray-Ban,189.0,,,RB6529
Dolce & Gabbana,335.0,,,DG3373
Ray-Ban,210.0,,,RB3735V
Burberry,137.5,50%,275.0,BE2316
Kate Spade,245.0,,,Muriel/G
Kate Spade,240.0,,,Marnie
Dolce & Gabbana,364.0,,,DG3377
Versace,316.0,,,VE3378D
Kate Spade,240.0,,,JERI/F
Guess,154.0,50%,308.0,GM0281
Ray-Ban,210.0,,,RB6441
Ray-Ban,276.0,,,RB8421
Dolce & Gabbana,130.5,50%,261.0,DG5084
Kate Spade,175.0,,,MACKINLEY
Ray-Ban,222.0,,,RB7017
Versace,155.0,50%,310.0,VE3331U
Ray-Ban,132.3,30%,189.0,RB7227
Kate Spade,168.0,30%,240.0,Jeri
Ray-Ban,176.0,,,RB6528
Versace,228.2,30%,326.0,VE3334F
Ray-Ban,222.0,,,RB5428
Versace,346.0,,,VE3341U
Ray-Ban,88.0,50%,176.0,RB7021
Oakley,255.0,,,Tumbleweed
Versace,346.0,,,VE1298
Burberry,390.0,,,BE2428U
Persol,171.0,50%,342.0,PO3284V
Kate Spade,245.0,,,Renne
Dolce & Gabbana,393.0,,,DG3380
Versace,376.0,,,VE3353
Oakley,187.0,,,Crosslink - Alternate Fit
Ray-Ban,237.0,,,RB6494 Optics
Ray-Ban,174.3,30%,249.0,RB6507M Optics Scuderia Ferrari Collection
Dolce & Gabbana,171.5,50%,343.0,DG3362
Burberry,327.0,,,BE2431
Gucci,365.5,15%,430.0,GG1424O
Versace,163.0,50%,326.0,VE3334
Ray-Ban,222.0,,,RB3717 Optics
Ray-Ban,222.0,,,RB5499 - Lady Burbank
Ray-Ban,198.0,,,RB5398F
Oakley,187.0,,,Crosslink Zero - Alternate Fit
Burberry,145.0,50%,290.0,BE2247
Burberry,133.0,50%,266.0,BE2358 - Isabella
Persol,196.5,50%,393.0,PO3352V
Ray-Ban,210.0,,,RB5449D
Ray-Ban,138.6,30%,198.0,RB5486
Ray-Ban,210.0,,,RB5395
Dolce & Gabbana,144.0,50%,288.0,DG3363F
Kate Spade,175.0,,,Aila
Gucci,259.25,15%,305.0,GG0634O
Burberry,154.5,50%,309.0,BE1367
Oakley,442.0,,,Cognitive R
Ray-Ban,176.0,,,RB7066
Burberry,145.0,50%,290.0,BE1308
Gucci,425.0,15%,500.0,GG1594O
Gucci,259.25,15%,305.0,GG1344O
Guess,143.5,30%,205.0,GU2908
Persol,171.0,50%,342.0,PO3283V
Oakley,172.0,,,Rafter
Burberry,250.6,30%,358.0,BE2388
Gucci,416.5,15%,490.0,GG0383O
Gucci,327.25,15%,385.0,GG0927O
Ray-Ban,189.0,,,RB7211
Kate Spade,225.0,,,Talulah
Kate Spade,245.0,,,PAYTON/F
Gucci,230.0,50%,460.0,GG0329O
Dolce & Gabbana,176.0,50%,352.0,DG1337
Oakley,318.0,,,Cartridge
Burberry,311.0,,,BE1282
Ray-Ban,226.0,50%,452.0,RB8258V
Burberry,146.5,50%,293.0,BE1350
Burberry,154.5,50%,309.0,BE1372
Burberry,327.0,,,BE2280
Oakley,106.5,50%,213.0,Gauge 7.2 Arch (TruBridge)
Versace,128.0,50%,256.0,VE3306F - Alternate Fit
Kate Spade,240.0,,,Samara/G
Dolce & Gabbana,287.7,30%,411.0,DG3305
Ray-Ban,100.1,30%,143.0,RB7085
Versace,526.0,,,VE1302
Gucci,391.0,15%,460.0,GG1465OA
Gucci,391.0,15%,460.0,GG1433O
Oakley,276.0,,,Crosslink Fit - Alternate Fit
Gucci,488.75,15%,575.0,GG0819OA - Alternate Fit
Ray-Ban,193.9,30%,277.0,RB5198
Burberry,146.5,50%,293.0,BE2332F - Alternate Fit
Kate Spade,230.0,,,Everleigh
Kate Spade,175.0,,,Tahlia
Burberry,146.5,50%,293.0,BE1347
Burberry,154.5,50%,309.0,BE2378-Ellis
Ray-Ban,210.0,,,RB3694V - Jim Optics
Oakley,208.0,,,Kylian Mbappe Signature Series HSTN (Low Bridge Fit)
Burberry,358.0,,,BE2255Q
Persol,273.0,,,PO3267V
Gucci,322.0,30%,460.0,GG1075OA - Alternate Fit
Oakley,128.1,30%,183.0,Persuasive
Gucci,463.25,15%,545.0,GG1731O
Persol,210.0,50%,420.0,PO5002VT
Ray-Ban Junior,87.0,,,RY9074VF - Alternate Fit
Persol,452.0,,,PO3348V
Ray-Ban Junior,110.0,,,RY1587
Ray-Ban,155.4,30%,222.0,RB6512
Burberry,296.0,,,BE2390
Oakley,215.0,,,Activate - Alternate Fit
Ray-Ban,261.0,,,RB3698VM
Kate Spade,161.0,30%,230.0,Lucyann 2
Burberry,236.6,30%,338.0,BE1378D
Oakley,227.0,,,Spindrift RX
Gucci,476.0,15%,560.0,GG1306OA
Gucci,352.75,15%,415.0,GG1590O
Ray-Ban,222.0,,,RB3648V The Marshal
Persol,171.0,50%,342.0,PO1007V
Kate Spade,122.5,30%,175.0,Dora
Oakley,318.0,,,Metal Plate TI
Persol,363.0,,,PO3355V
Dolce & Gabbana,221.2,30%,316.0,DG3372
Burberry,146.5,50%,293.0,BE1368
Dolce & Gabbana,144.0,50%,288.0,DG3364
Ray-Ban,249.0,,,RB7208
Burberry,249.0,,,BE1268
Oakley,387.0,,,Wire Tap 2.0 RX
Ray-Ban,105.0,50%,210.0,RB6284
Versace,152.0,50%,304.0,VE3284B
Ray-Ban,479.0,,,RB8789
Versace,300.0,,,VE3365U
,,,,
Kate Spade,168.0,30%,240.0,Brylie
Vogue,128.0,,,VO5356
Ray-Ban,118.0,50%,236.0,RB6482D
Gucci,423.5,30%,605.0,GG1222O
Guess,94.5,50%,189.0,GU2904
Oakley,158.9,30%,227.0,Volt Drop
Burberry,421.0,,,BE2420
Persol,163.5,50%,327.0,PO2478V
Ray-Ban,162.0,,,RB7185
Ray-Ban,186.0,,,RB6543
Ray-Ban,249.0,,,RB8781D
Gucci,314.5,15%,370.0,GG0025O
Versace,135.0,50%,270.0,VE3218
Ray-Ban,94.5,50%,189.0,RB6519
Ray-Ban,276.0,,,RB8412
Burberry,137.5,50%,275.0,BE1341
Gucci,446.25,15%,525.0,GG1548O
Ray-Ban,235.0,,,RB7205M - Scuderia Ferrari Collection
Kate Spade,178.5,30%,255.0,Ayla
Dolce & Gabbana,422.0,,,DG3404
Gucci,314.5,15%,370.0,GG1539O
Gucci,402.5,30%,575.0,GG1225O
Oakley,187.0,,,Port Bow
Oakley Youth,123.0,,,Top Level - Alternate Fit
Ray-Ban,210.0,,,RB6645
Burberry,154.5,50%,309.0,BE2344 - Edison
Kate Spade,195.0,,,Wanda
Versace,149.0,50%,298.0,VE1289
Dolce & Gabbana,171.5,50%,343.0,DG5106U
Versace,316.0,,,VE1279
Dolce & Gabbana,185.5,50%,371.0,DG3371
Versace,376.0,,,VE3372U
Persol,161.0,50%,322.0,PO2471V
Oakley Youth,81.2,30%,116.0,Twin Tail
Oakley,227.0,,,Addams
Oakley Youth,135.0,,,Airdrop XS - Alternate Fit
Oakley,172.0,,,Overhead
Ray-Ban,133.7,30%,191.0,RB5383F - Alternate Fit
Versace,256.0,,,VE3330
Burberry,146.5,50%,293.0,BE2331
Oakley,227.0,,,Socket 5
Versace,200.2,30%,286.0,VE3352U
Dolce & Gabbana,158.0,50%,316.0,DG3342
Ray-Ban,111.5,50%,223.0,RB8955
Versace,346.0,,,VE1283
Oakley,137.6,20%,172.0,Crosslink Youth - Alternate Fit
Dolce & Gabbana,158.0,50%,316.0,DG1346
Gucci,425.0,15%,500.0,GG1271O
Burberry,327.0,,,BE2430
Ray-Ban,237.0,,,RB8416M
Persol,171.0,50%,342.0,PO3253V
Oakley,215.0,,,Upturn
Ray-Ban,176.0,,,RB7239F
Ray-Ban,189.0,,,RB6485
Oakley,187.0,,,Hyperlink
Ray-Ban,94.0,50%,188.0,RB6377
Burberry,139.5,50%,279.0,BE2366U
Oakley Youth,135.0,,,Steel Plate XS
Oakley Youth,123.0,,,Shifter XS
Guess,104.0,50%,208.0,GU2958
Ray-Ban,210.0,,,RB3447VM
Burberry,146.5,50%,293.0,BE2369
Ray-Ban,210.0,,,RB3637V - New Round Optics
Kate Spade,255.0,,,Gabriella
Ray-Ban,210.0,,,RB5421
Versace,177.0,50%,354.0,VE1296
Oakley,242.0,,,Exchange R
Burberry,133.0,50%,266.0,BE2128
Versace,316.0,,,VE1175B
Kate Spade,171.5,30%,245.0,Atalina
Ray-Ban,210.0,,,RB6647
Ray-Ban Junior,87.0,,,RY1619
Persol,143.0,50%,286.0,PO3303V
Kate Spade,175.0,,,ELODIE
Burberry,146.5,50%,293.0,BE2338
Guess,104.0,50%,208.0,GU2673
Ray-Ban Junior,44.0,50%,88.0,RY1901
Ray-Ban,189.0,,,RB6414
Ray-Ban,124.6,30%,178.0,RB7225F
Dolce & Gabbana,124.0,50%,248.0,DG5072
Kate Spade,245.0,,,Hazen
Guess,97.0,50%,194.0,GU2848
Dolce & Gabbana,306.0,,,DG1323
Ray-Ban,89.0,50%,178.0,RB6397
Burberry,327.0,,,BE2417F
Dolce & Gabbana,171.5,50%,343.0,DG3346
Ray-Ban,290.0,,,RB6516M - Scuderia Ferrari Collection
Burberry,132.0,50%,264.0,BE1289
Oakley,318.0,,,Socket TI
Dolce & Gabbana,335.0,,,DG3415
Versace,376.0,,,VE1287
Gucci,314.5,15%,370.0,GG0027O
Dolce & Gabbana,171.5,50%,343.0,DG3368
Oakley,442.0,,,Burrow
Guess,108.0,50%,216.0,GU2918-D
Burberry,390.0,,,BE1390
Versace,286.0,,,VE3304
Oakley,187.0,,,Centerboard
Ray-Ban,124.5,50%,249.0,RB0707VM
Gucci,395.25,15%,465.0,GG0038ON
Gucci,463.25,15%,545.0,GG1082O
Persol,452.0,,,PO3347V
Persol,393.0,,,PO3364V
Ray-Ban,124.6,30%,178.0,RB7226
Ray-Ban,198.0,,,RB2242VF
Burberry,296.0,,,BE2345 - Caroline
Dolce & Gabbana,185.5,50%,371.0,DG3370
Persol,150.0,50%,300.0,PO2490V
Ray-Ban,210.0,,,RB3947V - Round Gaze
Guess,101.5,50%,203.0,GU2962-D
Kate Spade,175.0,,,PIXIE
Oakley,187.0,,,Holbrook Low Bridge Fit
Kate Spade,230.0,,,Hana
Burberry,146.5,50%,293.0,BE2359
Gucci,476.0,15%,560.0,GG0681O
Dolce & Gabbana,151.5,50%,303.0,DG3329
Oakley,297.0,,,Trajectory
Oakley,255.0,,,Metalink
Gucci,322.0,30%,460.0,GG0826O
Versace,208.6,30%,298.0,VE3343
Oakley,187.0,,,Knolls
Dolce & Gabbana,261.0,,,DG5044
Versace,316.0,,,VE3298B
Gucci,378.25,15%,445.0,GG1693O
Ray-Ban,210.0,,,RB3749V
Ray-Ban,479.0,,,RB8794
Versace,346.0,,,VE3329B
Versace,242.2,30%,346.0,VE3356
Persol,185.0,50%,370.0,PO2486V
Ray-Ban,210.0,,,RB5431F
Oakley,227.0,,,Draw Up
Burberry,327.0,,,BE2433U
Dolce & Gabbana,144.0,50%,288.0,DG3366F
Persol,333.0,,,PO3050V
Burberry,160.5,50%,321.0,BE2355
Gucci,350.0,30%,500.0,GG0968O
Burberry,146.5,50%,293.0,BE2348 - Sally
Ray-Ban,155.4,30%,222.0,RB3925V
Gucci,378.25,15%,445.0,GG1694OA
Kate Spade,230.0,,,Zahra
Dolce & Gabbana,191.8,30%,274.0,DG5078
Dolce & Gabbana,422.0,,,DG3413
Ray-Ban,249.0,,,RB6513
Versace,155.0,50%,310.0,VE3336U
Dolce & Gabbana,124.0,50%,248.0,DG5066
Ray-Ban,123.2,30%,176.0,RB6444
Oakley,387.0,,,Contrail TI
Ray-Ban,198.0,,,RB2242V
Oakley,346.0,,,Metal Plate
Burberry,311.0,,,BE2410
Oakley Youth,123.0,,,Double Steal
Ray-Ban,189.0,,,RB7228
Burberry,358.0,,,BE2427U
Oakley,318.0,,,Wingfold EVR
Kate Spade,122.5,30%,175.0,AUBRIE
Gucci,391.0,15%,460.0,GG1157O
Guess,117.5,50%,235.0,GU2960
Versace,316.0,,,VE1274
Gucci,340.0,15%,400.0,GG0165ON
Oakley,187.0,,,HSTN
Kate Spade,255.0,,,Eliana/G
Kate Spade,245.0,,,HALLIE/G
Guess,104.0,50%,208.0,GU2953
Burberry,133.0,50%,266.0,BE2370U
Guess,121.5,50%,243.0,GU2855-S
Dolce & Gabbana,171.5,50%,343.0,DG3361
Burberry,390.0,,,BE2418U
Versace,368.2,30%,526.0,VE1301
Ray-Ban,138.5,50%,277.0,RB8775D
Ray-Ban,176.0,,,RB3758V
Gucci,314.5,15%,370.0,GG0026O
Persol,422.0,,,PO3329V
Dolce & Gabbana,224.0,30%,320.0,DG3268
Versace,376.0,,,VE3367U
Versace,286.0,,,VE1264
Ray-Ban,210.0,,,RB5431
Kate Spade,265.0,,,Jonae
Kate Spade,250.0,,,Zeena/G
Kate Spade,161.0,30%,230.0,Hermione/G
Ray-Ban,222.0,,,RB7159
Ray-Ban,210.0,,,RB5430F
Ray-Ban Junior,122.0,,,RY1555F
Burberry,358.0,,,BE2403
Persol,363.0,,,PO3358V
Ray-Ban,198.0,,,RB6520
Kate Spade,255.0,,,Johnna
Guess,115.0,50%,230.0,GU50007-D
Persol,333.0,,,PO3092V
Ray-Ban,85.0,50%,170.0,RB2180V
Ray-Ban,261.0,,,RB8422 Optics
Gucci,476.0,15%,560.0,GG0297OK - Alternate Fit
Guess,104.0,50%,208.0,GU1952
Kate Spade,250.0,,,Vandra
Ray-Ban,155.4,30%,222.0,RB7210
Burberry,133.0,50%,266.0,BE2325F - Alternate Fit
Kate Spade,245.0,,,Davina
Dolce & Gabbana,335.0,,,DG5036
Ray-Ban,222.0,,,RB0298V
Ray-Ban,198.0,,,RB6509
Ray-Ban Junior,110.0,,,RY1554
Ray-Ban,222.0,,,RB6238
Oakley,227.0,,,Dissipate (Low Bridge Fit)
Persol,333.0,,,PO3012V
Ray-Ban,207.0,,,RB6281D
Burberry,160.5,50%,321.0,BE2291
Persol,363.0,,,PO2410VJ
Burberry,154.5,50%,309.0,BE2376
Oakley,222.6,30%,318.0,Gauge 3.1
Oakley,318.0,,,Gauge 3.2 Blade
Burberry,146.5,50%,293.0,BE2354
Burberry,327.0,,,BE2378F-Ellis
Versace,191.5,50%,383.0,VE1292
Ray-Ban,316.4,30%,452.0,RB8165V
Dolce & Gabbana,171.5,50%,343.0,DG3367
Ray-Ban,111.0,50%,222.0,RB0298VF
Kate Spade,255.0,,,Brieana
Versace,270.0,,,VE1184
Gucci,425.0,15%,500.0,GG1144O
Versace,346.0,,,VE3377U
Ray-Ban,479.0,,,RB8782
Burberry,146.5,50%,293.0,BE2333
Oakley,255.0,,,Pitchman - Alternate Fit
Ray-Ban,186.0,,,RB5445
Burberry,169.0,50%,338.0,BE1371
Ray-Ban Junior,110.0,,,RY1591
Ray-Ban,189.0,,,RB5440
Versace,128.0,50%,256.0,VE3315
Oakley,99.5,50%,199.0,Stagebeam
Gucci,365.5,15%,430.0,GG1319O
Gucci,322.0,30%,460.0,GG0942O
Burberry,390.0,,,BE1391
Burberry,327.0,,,BE1323
Gucci,378.25,15%,445.0,GG0385OA - Alternate Fit
Dolce & Gabbana,453.0,,,DG1361
Gucci,463.25,15%,545.0,GG1451O
Versace,189.0,30%,270.0,VE3294F - Alternate Fit
Dolce & Gabbana,221.2,30%,316.0,DG3353
Oakley,276.0,,,Clubface
Burberry,133.0,50%,266.0,BE2318
Versace,155.0,50%,310.0,VE3335F
Kate Spade,240.0,,,LUCINDA
Versace,141.5,50%,283.0,VE3311
Gucci,395.25,15%,465.0,GG0424O
Oakley,187.0,,,Hex Jector - Alternate Fit (TruBridge)
Oakley,387.0,,,Sway Bar
Ray-Ban,210.0,,,RB5245
Gucci,476.0,30%,680.0,GG0605O
Persol,171.0,50%,342.0,PO3301V
Persol,393.0,,,PO3377V
Ray-Ban Junior,110.0,,,RY1536
Ray-Ban,186.0,,,RB5169
Gucci,425.0,15%,500.0,GG0756OA - Alternate Fit
Persol,171.0,50%,342.0,PO3312V
Versace,270.0,,,VE1066
Kate Spade,240.0,,,Bronwen
Guess,100.0,50%,200.0,GU1993
Dolce & Gabbana,393.0,,,DG3419
Oakley,91.5,50%,183.0,Fuel Line
Ray-Ban,150.0,50%,300.0,RB6480M-Scuderia Ferrari Collection
Gucci,535.5,15%,630.0,GG1519O
Gucci,322.0,30%,460.0,GG1458O
Burberry,294.7,30%,421.0,BE2407
Burberry,160.5,50%,321.0,BE2255QF - Alternate Fit
Ray-Ban,207.0,,,RB7168D
Oakley,187.0,,,Bat Flip
Ray-Ban,130.5,50%,261.0,RB5344D
Ray-Ban,210.0,,,RB6448
Ray-Ban,210.0,,,RB3582V Round Metal II
Ray-Ban,210.0,,,RB5422
Burberry,139.5,50%,279.0,BE2353
Burberry,179.0,50%,358.0,BE2373U-Angelica
Kate Spade,250.0,,,Noel/G
Ray-Ban,88.5,50%,177.0,RB1969V
Ray-Ban,317.0,,,RB3807VM
Oakley,187.0,,,Hex Jector (TruBridge)
Dolce & Gabbana,364.0,,,DG3421
Burberry,216.3,30%,309.0,BE1374TD
Versace,228.2,30%,326.0,VE3357
Ray-Ban,111.5,50%,223.0,RB8953
Guess,104.0,50%,208.0,GU1954
Versace,256.0,,,VE3293
Kate Spade,250.0,,,Scarletta/G
Burberry,169.0,50%,338.0,BE2392
Ray-Ban,249.0,,,RX7199
Versace,317.1,30%,453.0,VE3358B
Persol,363.0,,,PO3263V
Kate Spade,175.0,,,Bari
Guess,135.8,30%,194.0,GU2878
Persol,210.0,50%,420.0,PO5005VT
Kate Spade,250.0,,,Gael
Versace,155.0,50%,310.0,VE3318
Oakley Youth,135.0,,,Marshal XS
Kate Spade,240.0,,,MARJORIE
Ray-Ban Junior,98.0,,,RY1058
Versace,152.0,50%,304.0,VE1266
Ray-Ban,276.0,,,RB8908
Versace,346.0,,,VE3274B
Versace,286.0,,,VE1218
Gucci,314.5,15%,370.0,GG1120O
Burberry,296.0,,,BE2367
Kate Spade,161.0,30%,230.0,Laylani
Kate Spade,250.0,,,Ilana
Oakley,99.5,50%,199.0,Diecutter RX
Ray-Ban,237.0,,,RB7140
Burberry,124.0,50%,248.0,BE2306
Gucci,259.25,15%,305.0,GG1581O
Gucci,314.5,15%,370.0,GG1728O
Persol,150.0,50%,300.0,PO2491V
Persol,348.0,,,PO3007VM
Burberry,169.0,50%,338.0,BE1376-Virginia
Oakley,130.9,30%,187.0,Plank 2.0
Persol,348.0,,,PO3337V
Ray-Ban,176.0,,,RB7330
Guess,119.0,50%,238.0,GU2792
Oakley,270.9,30%,387.0,Holbrook TI
Ray-Ban,249.0,,,RB7144
Versace,128.0,50%,256.0,VE3317
Dolce & Gabbana,144.0,50%,288.0,DG3365
Kate Spade,175.0,,,Pia
Oakley,222.6,30%,318.0,Seller
Guess,117.5,50%,235.0,GU2677
Ray-Ban,210.0,,,RB5418 Optics
Dolce & Gabbana,182.7,30%,261.0,DG5076
Gucci,501.5,15%,590.0,GG1273O
Versace,357.0,,,VE3362U
Versace,286.0,,,VE3186
Ray-Ban,210.0,,,RB5510 - Skyler Optics
Ray-Ban,148.4,30%,212.0,RB8762D
Kate Spade,250.0,,,Bendall
Burberry,296.0,,,BE2340 Bolton
Gucci,350.0,30%,500.0,GG1418O
Ray-Ban,153.0,,,RX3681V
Versace,139.0,50%,278.0,VE3283
Dolce & Gabbana,422.0,,,DG3406
Oakley,172.0,,,Top Spinner 5B
Gucci,322.0,30%,460.0,GG1075O
Gucci,420.75,15%,495.0,GG1423O
Ray-Ban Junior,87.0,,,RY9074V
Ray-Ban,249.0,,,RB7230
Persol,157.0,50%,314.0,PO3286V
Burberry,154.5,50%,309.0,BE2382D
Burberry,160.5,50%,321.0,BE2336
Oakley,187.0,,,Centerboard - Alternate Fit
Kate Spade,250.0,,,Hadlee
Gucci,290.5,30%,415.0,GG0964O
Gucci,259.25,15%,305.0,GG1341O
Ray-Ban,155.4,30%,222.0,RB7215 Erik Optics
Ray-Ban,189.0,,,RB7217 Chad Optics Bio-Based
Kate Spade,175.0,,,CECILY
Guess,92.0,50%,184.0,GU2813
Ray-Ban,210.0,,,RB5489F
Gucci,395.25,15%,465.0,GG0692O
Kate Spade,250.0,,,Audrina/G
Burberry,154.5,50%,309.0,BE2364
Kate Spade,168.0,30%,240.0,Madisyn/G
Kate Spade,245.0,,,DOVE/G
Kate Spade,255.0,,,Emilyn
Ray-Ban,87.5,50%,175.0,RB5341
Ray-Ban,178.0,,,RB5433
Oakley,208.0,,,Ojector RX
Ray-Ban,276.0,,,RB8779D
Burberry,327.0,,,BE 1375
Oakley,145.6,30%,208.0,Dagger Board
Gucci,446.25,15%,525.0,GG1510O
Burberry,327.0,,,BE2415F
Ray-Ban,186.0,,,RB5277
Burberry,421.0,,,BE1392
Ray-Ban,210.0,,,RB6421
Kate Spade,230.0,,,LUCYANN/F
Oakley,182.5,50%,365.0,Sobriquet
Oakley,227.0,,,Airdrop
Persol,171.0,50%,342.0,PO1008V
Gucci,488.75,15%,575.0,GG1466OA
Persol,181.5,50%,363.0,PO3297V
Persol,163.5,50%,327.0,PO1001V
Kate Spade,245.0,,,Belen
Ray-Ban,210.0,,,RB6510
Ray-Ban,166.0,,,RB7330F
Versace,228.2,30%,326.0,VE3344F
Versace,300.0,,,VE1280
Dolce & Gabbana,422.0,,,DG3395
Ray-Ban Junior,57.4,30%,82.0,RY9075VF - Alternate Fit
Guess,96.0,50%,192.0,GU50003
Oakley,387.0,,,Tie Bar 0.5
Ray-Ban,210.0,,,RB5430
Kate Spade,250.0,,,Ivie
Burberry,265.0,,,BE2108
Kate Spade,245.0,,,Irene
Oakley,242.0,,,Double Down
Burberry,132.5,50%,265.0,BE2242
Gucci,413.0,30%,590.0,GG1299O
Gucci,340.0,15%,400.0,GG1737O
Ray-Ban,344.0,,,RB7680V
Versace,139.0,50%,278.0,VE1272
Burberry,154.5,50%,309.0,BE1375
Versace,376.0,,,VE3350
Persol,163.5,50%,327.0,PO2494V
Gucci,302.5,50%,605.0,GG1205O
Oakley,187.0,,,Litebeam (Trubridge)
Versace,346.0,,,VE3344
Oakley,187.0,,,Alias
Ray-Ban,210.0,,,RB5489
Oakley,182.5,50%,365.0,Moon Shot
Burberry,137.5,50%,275.0,BE1340
Kate Spade,189.0,30%,270.0,CLOVER/F
Ray-Ban,222.0,,,RB7216F
Gucci,301.0,30%,430.0,GG0548O
Oakley,227.0,,,Socket 5.5
Burberry,146.5,50%,293.0,BE2368
Gucci,514.25,15%,605.0,GG1221O
Ray-Ban,325.0,,,RB8327VM
Dolce & Gabbana,185.5,50%,371.0,DG3358
Dolce & Gabbana,335.0,,,DG3349
Ray-Ban,210.0,,,RB3447V
Persol,393.0,,,PO3325V
Kate Spade,205.0,,,Aggie
Burberry,217.7,30%,311.0,BE2410F
Ray-Ban Junior,110.0,,,RY1592
Gucci,416.5,15%,490.0,GG1293OA
Ray-Ban Junior,122.0,,,RY1588
Oakley Youth,135.0,,,Milestone XS
Ray-Ban,71.0,50%,142.0,RB6471L
Versace,147.5,50%,295.0,VE1244
Oakley,318.0,,,Surface Plate
Guess,126.0,30%,180.0,GU2903
Ray-Ban,77.0,50%,154.0,RB7075
Gucci,527.0,15%,620.0,GG1434O
Kate Spade,175.0,,,Paris
Gucci,501.5,15%,590.0,GG1197OA
Burberry,358.0,,,BE2363
Oakley,318.0,,,Wingfold EVS
Burberry,296.0,,,BE2334F Elm - Alternate fit
Oakley,387.0,,,Sway Bar 0.5
Ray-Ban,210.0,,,RB4340V Wayfarer Ease
Oakley,276.0,,,Rhinochaser
Kate Spade,250.0,,,Izabel/G
Ray-Ban,210.0,,,RB6545
Gucci,463.25,15%,545.0,GG1285O
Kate Spade,168.0,30%,240.0,Violette
Ray-Ban,176.0,,,RB7047
Dolce & Gabbana,158.0,50%,316.0,DG3343
Dolce & Gabbana,306.0,,,DG5026
Ray-Ban,198.0,,,RB5418F
Kate Spade,230.0,,,LELIA
Oakley Youth,135.0,,,Crosslink XS
Persol,164.0,50%,328.0,PO3275V
Kate Spade,250.0,,,Tana/G
Kate Spade,250.0,,,Laval
Guess,108.0,50%,216.0,GU2888-D
Gucci,344.25,15%,405.0,GG0550O
Oakley,172.0,,,The Cut
Gucci,287.5,50%,575.0,GG1415O
Ray-Ban,210.0,,,RB6496 Optics
Ray-Ban,99.0,50%,198.0,RB6499
Persol,393.0,,,PO3371V
Gucci,340.0,15%,400.0,GG0750O
Guess,102.5,50%,205.0,GU2881
Oakley Youth,144.0,,,Frogskins XS
Ray-Ban,222.0,,,RB6466
Ray-Ban,176.0,,,RB7074
Gucci,416.5,15%,490.0,GG1525O
Dolce & Gabbana,306.0,,,DG3347
Dolce & Gabbana,185.5,50%,371.0,DG3371F
Dolce & Gabbana,130.5,50%,261.0,DG5077
Dolce & Gabbana,371.0,,,DG3389
Ray-Ban,226.0,50%,452.0,RB8237V
Kate Spade,178.5,30%,255.0,Karlyn
Burberry,133.0,50%,266.0,BE2318F - Alternate Fit
Gucci,259.25,15%,305.0,GG1715O
Gucci,350.0,30%,500.0,GG1025O
Ray-Ban,249.0,,,RB7316V
Ray-Ban,147.0,30%,210.0,RB0707V
Gucci,488.75,15%,575.0,GG1291O
Kate Spade,175.0,30%,250.0,Emelyn
Gucci,476.0,15%,560.0,GG0131O
Burberry,139.5,50%,279.0,BE2375
Gucci,446.25,15%,525.0,GG1549O
Persol,163.5,50%,327.0,PO2495V
Persol,174.0,50%,348.0,PO3338V
Gucci,259.25,15%,305.0,GG1584O
Versace,346.0,,,VE1247
Guess,113.5,50%,227.0,GU50045
Ray-Ban,189.0,,,RB6487
Ray-Ban,71.5,50%,143.0,RB7153
Oakley,242.0,,,Wheel House
Ray-Ban,172.5,50%,345.0,RB8773D
Persol,363.0,,,PO3344V
Versace,286.0,,,VE3309
Dolce & Gabbana,109.5,50%,219.0,DG5062
Dolce & Gabbana,335.0,,,DG5031
Versace,316.0,,,VE3342
Ray-Ban,184.1,30%,263.0,RB8757
Gucci,311.5,30%,445.0,GG1447O
Ray-Ban,156.1,30%,223.0,RB6495
Burberry,133.0,50%,266.0,BE2315
Dolce & Gabbana,297.5,30%,425.0,DG1353
Versace,286.0,,,VE1271
Kate Spade,245.0,,,Acerra
Versace,450.0,,,VE3366
Ray-Ban,198.0,,,RX5398F - Alternate Fit
Gucci,352.75,15%,415.0,GG0958O
Guess,104.0,50%,208.0,GU2956
Kate Spade,245.0,,,Atalina/F
Gucci,289.0,15%,340.0,GG1572O
Persol,422.0,,,PO3345V
Burberry,311.0,,,BE2205
Ray-Ban,210.0,,,RB6434
Ray-Ban,87.0,,,RB1621
Versace,177.0,50%,354.0,VE3338
Oakley Youth,135.0,,,Quad Out
Dolce & Gabbana,422.0,,,DG3407
Burberry,137.5,50%,275.0,BE2317
Persol,143.0,50%,286.0,PO3277V
Versace,141.5,50%,283.0,VE3285
Oakley,227.0,,,Futurity
Versace,163.0,50%,326.0,VE3345
Gucci,259.25,15%,305.0,GG0749O
Persol,157.0,50%,314.0,PO3285V
Burberry,233.8,30%,334.0,BE1373
Dolce & Gabbana,158.0,50%,316.0,DG1340
Ray-Ban,210.0,,,RB3547V Oval
Ray-Ban,249.0,,,RB7840V
Guess,115.0,50%,230.0,GU2687
Oakley Youth,135.0,,,Field Day
Ray-Ban,153.0,,,RB3681V
Ray-Ban,123.5,50%,247.0,RB5416D
Ray-Ban,166.0,,,RB7238F
Kate Spade,240.0,,,Maci
Burberry,327.0,,,BE2416
Ray-Ban,186.0,,,RB5445F
Kate Spade,240.0,,,LAUREL
Persol,171.0,50%,342.0,PO1010V
Persol,157.0,50%,314.0,PO3314V
Ray-Ban Junior,122.0,,,RY1555
Ray-Ban,216.0,,,RB7192M
Kate Spade,161.0,30%,230.0,Joliet
Burberry,327.0,,,BE2339 Harrington
Oakley,187.0,,,Hyperlink - Alternate Fit
Persol,273.7,30%,391.0,PO3295V
Ray-Ban,222.0,,,RB0316V
Versace,406.0,,,VE1307
Oakley,102.5,50%,205.0,Leadline RX
Burberry,483.0,,,BE2419
Gucci,327.25,15%,385.0,GG1133O
Gucci,423.5,30%,605.0,GG1297O
Ray-Ban,132.3,30%,189.0,RB7225
Versace,286.0,,,VE3328
Kate Spade,245.0,,,Glorianne
Burberry,154.5,50%,309.0,BE2384F
Dolce & Gabbana,335.0,,,DG3354
Guess,96.0,50%,192.0,GU2849
Oakley,163.0,,,Foil RQ
Versace,346.0,,,VE3242A
Gucci,425.0,15%,500.0,GG0934OA
Ray-Ban,176.0,,,RB7258
Oakley,227.0,,,Ingress
Ray-Ban,249.0,,,RB7235
Dolce & Gabbana,137.0,50%,274.0,DG1322
Oakley,442.0,,,Cognitive
Oakley,255.0,,,Enigma Ink
Dolce & Gabbana,158.0,50%,316.0,DG1347
Kate Spade,240.0,,,Leanna/G
Persol,363.0,,,PO3315V
Burberry,146.5,50%,293.0,BE2338F - Alternate Fit
Oakley,176.5,50%,353.0,Latch TI
Dolce & Gabbana,306.0,,,DG3258
Gucci,416.5,15%,490.0,GG0560ON
Burberry,154.5,50%,309.0,BE2387F
Gucci,259.25,15%,305.0,GG1717O
Ray-Ban,198.0,,,RB5422F
Ray-Ban,111.0,50%,222.0,RB7023
Burberry,146.5,50%,293.0,BE2356F
Burberry,249.0,,,BE2073
Persol,422.0,,,PO2886V - Folding
Gucci,476.0,30%,680.0,GG0241O
Oakley,227.0,,,Voon
Gucci,327.25,15%,385.0,GG1598O
Kate Spade,161.0,30%,230.0,Raelynn
Ray-Ban,300.0,,,RB7213M - Scuderia Ferrari Collection
Ray-Ban,210.0,,,RB5017A
Oakley,187.0,,,HSTN Low Bridge Fit
Versace,155.0,50%,310.0,VE3251B
Gucci,465.5,30%,665.0,GG1442O
Ray-Ban,155.4,30%,222.0,RB3765V
Burberry,137.5,50%,275.0,BE2319
Oakley,172.0,,,Frogskins (Low Bridge Fit)
Persol,348.0,,,PO3318V
Gucci,259.25,15%,305.0,GG1343O
Swarovski,300.0,,,SK1015
Ray-Ban,249.0,,,RB7240M - Scuderia Ferrari Collection
Oakley,297.0,,,Pitchman R Carbon - Alternate Fit
Ray-Ban,89.5,50%,179.0,RB1971V Icons
Kate Spade,250.0,,,Valencia/G
Versace,346.0,,,VE3320U
Gucci,295.0,50%,590.0,GG1274O
Ray-Ban,210.0,,,RB5206
Kate Spade,240.0,,,LIORA/G
Versace,221.2,30%,316.0,VE3349U
Ray-Ban,107.8,30%,154.0,RB7022
Guess,92.7,50%,184.0,GU50087-D
Ray-Ban,210.0,,,RB7260
Persol,163.5,50%,327.0,PO1005V
Dolce & Gabbana,158.0,50%,316.0,DG1290
Burberry,139.5,50%,279.0,BE2385U
Dolce & Gabbana,451.0,,,DG3409
Burberry,358.0,,,BE1381
Dolce & Gabbana,158.0,50%,316.0,DG3374
Ray-Ban,147.0,30%,210.0,RB7214 Gina Optics
Versace,300.0,,,VE3294
Gucci,365.5,15%,430.0,GG1687O
Dolce & Gabbana,126.0,50%,252.0,DG5053
Burberry,327.0,,,BE2425D
Kate Spade,245.0,,,POSI
Gucci,365.5,15%,430.0,GG1359O
Persol,273.7,30%,391.0,PO3294V
Ray-Ban,235.0,,,RB7222M
Guess,104.0,50%,208.0,GU2674
Versace,163.0,50%,326.0,VE3348
Dolce & Gabbana,232.0,,,DG5099
Oakley,187.0,,,Admission
Burberry,421.0,,,BE2406U
Gucci,314.5,15%,370.0,GG1540O
Kate Spade,245.0,,,AMABELLA/G
Ray-Ban,276.0,,,RB8416
Gucci,352.75,15%,415.0,GG1320O
Burberry,154.5,50%,309.0,BE2391
Gucci,416.5,15%,490.0,GG1522O
Ray-Ban,222.0,,,RB5279
Costa,141.0,,,Ocean Ridge 820
Burberry,257.6,30%,368.0,BE2409
Kate Spade,122.5,30%,175.0,TILLIE
Guess,104.0,50%,208.0,GU2731
Burberry,146.5,50%,293.0,BE2356
Ray-Ban,137.0,50%,274.0,RB7307M
Burberry,139.5,50%,279.0,BE 2375
Burberry,327.0,,,BE2172
Oakley,242.0,,,Dehaven
Kate Spade,240.0,,,CELESTINE
Dolce & Gabbana,335.0,,,DG3410
Ray-Ban,207.0,,,RB5315D
Oakley,172.0,,,Top Spinner 4B
Kate Spade,245.0,,,FABLE
Kate Spade,255.0,,,Seline
Versace,315.0,30%,450.0,VE3366F
Oakley Youth,135.0,,,Round Out
Ray-Ban,156.1,30%,223.0,RB6511
Dolce & Gabbana,254.8,30%,364.0,DG3393
Ray-Ban,210.0,,,RB6465 Jack
Oakley,297.0,,,Tensile
Ray-Ban,122.0,,,RB1549
Kate Spade,230.0,,,Kamila
Oakley Youth,135.0,,,Full Count
Oakley,208.0,,,Moonglow
Ray-Ban Junior,87.0,,,RY9093V
Oakley,318.0,,,Limit Switch
Oakley,242.0,,,CTRLNK
Dolce & Gabbana,364.0,,,DG3387
Ray-Ban,189.0,,,RB3733V
Kate Spade,245.0,,,Emmalee
Persol,164.0,50%,328.0,PO3317V
Persol,130.0,50%,260.0,PO3146V
Kate Spade,175.0,,,GRACY
Gucci,425.0,15%,500.0,GG1577O
Ray-Ban,276.0,,,RB8903
Ray-Ban,156.1,30%,223.0,RB8954
Dolce & Gabbana,140.0,50%,280.0,DG5027
Oakley,242.0,,,Chamfer Squared (TruBridge)
Kate Spade,250.0,,,Lowri/F - Alternate Fit
Burberry,169.0,50%,338.0,BE2388F
Kate Spade,245.0,,,CLIO/G
Kate Spade,157.5,30%,225.0,SUKI/F
Kate Spade,245.0,,,LEOTA/G
Oakley Youth,123.0,,,Whipback
Dolce & Gabbana,393.0,,,DG3397
Burberry,154.5,50%,309.0,BE1377
Dolce & Gabbana,300.0,,,DG1309
Gucci,365.5,15%,430.0,GG1318O
Persol,363.0,,,PO3351V
Burberry,311.0,,,BE2411
Kate Spade,240.0,,,CORINA
Dolce & Gabbana,158.0,50%,316.0,DG5087
Guess,104.0,50%,208.0,GU2952
Persol,363.0,,,PO3372V
Burberry,296.0,,,BE2357
Gucci,514.25,15%,605.0,GG1295O
Dolce & Gabbana,185.5,50%,371.0,DG3369
Oakley,159.6,30%,228.0,Pommel
Ray-Ban,210.0,,,RB7256
Persol,177.0,50%,354.0,PO2488V
